사고번호,사고일시,요일,시군구,사고내용,사망자수,중상자수,경상자수,부상신고자수,사고유형,법규위반,노면상태,기상상태,도로형태,가해운전자 차종,가해운전자 성별,가해운전자 연령,가해운전자 상해정도,피해운전자 차종,피해운전자 성별,피해운전자 연령,피해운전자 상해정도
2022071300100377,2022년 7월 13일 17시,수요일,충청북도 청주시 서원구 현도면,중상사고,0,1,1,0,차대차 - 측면충돌,안전거리미확보,젖음/습기,비,단일로 - 기타,화물,남,55세,상해없음,승용,남,58세,경상
2022071400100433,2022년 7월 14일 17시,목요일,경기도 용인시 기흥구 상갈동,경상사고,0,0,2,0,차대차 - 기타,안전거리미확보,건조,맑음,단일로 - 기타,화물,남,51세,상해없음,승용,남,61세,경상
2022071500100280,2022년 7월 15일 14시,금요일,서울특별시 서초구 서초동,경상사고,0,0,1,0,차대차 - 기타,안전운전불이행,건조,맑음,단일로 - 기타,화물,남,60세,상해없음,화물,남,86세,경상
2022071500100482,2022년 7월 15일 18시,금요일,경상북도 칠곡군 석적읍,경상사고,0,0,1,0,차대차 - 기타,기타,건조,맑음,단일로 - 기타,화물,남,53세,상해없음,화물,남,28세,경상
2022071600100030,2022년 7월 16일 01시,토요일,대전광역시 대덕구 덕암동,중상사고,0,1,0,0,차대차 - 후진중충돌,기타,건조,맑음,단일로 - 기타,화물,남,78세,상해없음,승용,남,32세,중상
2022072000100297,2022년 7월 20일 14시,수요일,충청남도 천안시 동남구 목천읍,경상사고,0,0,3,0,차대사람 - 기타,안전운전불이행,건조,맑음,단일로 - 기타,화물,남,62세,상해없음,보행자,남,35세,경상
2022072300100023,2022년 7월 23일 01시,토요일,경상북도 칠곡군 석적읍,중상사고,0,1,0,0,차대차 - 측면충돌,신호위반,건조,맑음,단일로 - 기타,화물,남,40세,상해없음,승용,남,32세,중상
2022072400100033,2022년 7월 24일 02시,일요일,충청북도 청주시 흥덕구 강내면,경상사고,0,0,1,0,차대차 - 추돌,안전운전불이행,젖음/습기,비,단일로 - 기타,화물,남,35세,상해없음,화물,남,54세,경상
2022072500100024,2022년 7월 25일 04시,월요일,경기도 성남시 분당구 판교동,경상사고,0,0,2,0,차대차 - 추돌,안전운전불이행,건조,맑음,기타 - 기타,화물,남,63세,상해없음,화물,남,50세,경상
2022072600100158,2022년 7월 26일 10시,화요일,경기도 화성시 방교동,경상사고,0,0,1,0,차대차 - 기타,안전운전불이행,건조,맑음,단일로 - 기타,화물,남,67세,상해없음,승용,남,43세,경상
2022072700100510,2022년 7월 27일 20시,수요일,대구광역시 동구 부동,경상사고,0,0,1,0,차대차 - 측면충돌,차로위반,건조,맑음,기타 - 기타,화물,남,40세,상해없음,승용,남,51세,경상
2022072900100029,2022년 7월 29일 02시,금요일,경기도 성남시 수정구 금토동,경상사고,0,0,1,0,차대차 - 추돌,안전운전불이행,건조,맑음,단일로 - 기타,화물,남,52세,상해없음,화물,남,50세,경상
2022072900100551,2022년 7월 29일 20시,금요일,경기도 용인시 처인구 남사읍,중상사고,0,1,0,0,차대차 - 기타,차로위반,건조,맑음,단일로 - 기타,화물,남,51세,상해없음,승용,여,41세,중상
2022073000100514,2022년 7월 30일 21시,토요일,경기도 용인시 기흥구 신갈동,부상신고사고,0,0,0,2,차대차 - 측면충돌,안전거리미확보,건조,맑음,단일로 - 기타,화물,남,52세,상해없음,승용,남,47세,부상신고
2022073100100409,2022년 7월 31일 21시,일요일,경기도 용인시 처인구 남사읍,중상사고,0,3,19,2,차대차 - 측면충돌,안전운전불이행,젖음/습기,비,단일로 - 기타,화물,남,62세,상해없음,화물,남,54세,중상
2022080200100450,2022년 8월 2일 19시,화요일,경기도 성남시 수정구 금토동,중상사고,0,1,1,1,차대차 - 기타,안전거리미확보,젖음/습기,비,단일로 - 기타,화물,남,73세,부상신고,승용,남,51세,중상
2022080300100533,2022년 8월 3일 22시,수요일,경기도 오산시 오산동,경상사고,0,0,2,0,차대차 - 기타,안전운전불이행,건조,맑음,단일로 - 기타,화물,남,49세,상해없음,승용,여,51세,경상
2022080600100267,2022년 8월 6일 14시,토요일,경상북도 칠곡군 석적읍,경상사고,0,0,2,0,차대차 - 추돌,차로위반,건조,맑음,단일로 - 교량,화물,남,64세,상해없음,승용,남,59세,경상
2022081000100155,2022년 8월 10일 11시,수요일,경기도 용인시 기흥구 공세동,경상사고,0,0,3,0,차대차 - 기타,안전거리미확보,건조,맑음,단일로 - 기타,화물,남,71세,경상,승용,여,36세,경상
2022081200100131,2022년 8월 12일 09시,금요일,경상북도 칠곡군 지천면,경상사고,0,0,2,0,차대차 - 기타,기타,건조,맑음,단일로 - 기타,화물,남,61세,상해없음,승용,남,34세,경상
2022081600100317,2022년 8월 16일 15시,화요일,경기도 용인시 수지구 죽전동,경상사고,0,0,1,0,차대차 - 측면충돌,안전거리미확보,건조,맑음,단일로 - 기타,화물,남,48세,상해없음,승용,남,66세,경상
2022081900100141,2022년 8월 19일 09시,금요일,대구광역시 동구 둔산동,경상사고,0,0,2,0,차대차 - 기타,안전운전불이행,건조,맑음,기타 - 기타,화물,남,68세,상해없음,화물,남,57세,경상
2022082000100120,2022년 8월 20일 09시,토요일,대구광역시 달성군 하빈면,경상사고,0,0,1,0,차대차 - 기타,안전운전불이행,젖음/습기,비,단일로 - 기타,화물,남,40세,상해없음,화물,남,65세,경상
2022082000100175,2022년 8월 20일 11시,토요일,경기도 평택시 월곡동,경상사고,0,0,1,0,차대차 - 측면충돌,안전운전불이행,건조,맑음,단일로 - 기타,화물,남,58세,상해없음,승용,여,28세,경상
2022082300100259,2022년 8월 23일 13시,화요일,충청남도 천안시 서북구 입장면,경상사고,0,0,1,0,차대차 - 기타,안전운전불이행,젖음/습기,흐림,단일로 - 기타,화물,남,48세,상해없음,승용,남,61세,경상
2022082500100152,2022년 8월 25일 10시,목요일,충청남도 천안시 동남구 구성동,경상사고,0,0,1,0,차대사람 - 차도통행중,안전운전불이행,건조,맑음,주차장 - 주차장,화물,남,48세,상해없음,보행자,남,56세,경상
2022082600100380,2022년 8월 26일 16시,금요일,충청남도 천안시 서북구 성거읍,경상사고,0,0,1,0,차대차 - 측면충돌,안전거리미확보,건조,맑음,단일로 - 기타,화물,남,48세,상해없음,승용,여,35세,경상
2022082900100311,2022년 8월 29일 14시,월요일,경기도 오산시 원동,경상사고,0,0,2,0,차대차 - 기타,안전운전불이행,건조,맑음,기타 - 기타,화물,남,50세,상해없음,승용,남,28세,경상
2022082900100423,2022년 8월 29일 17시,월요일,충청남도 천안시 서북구 입장면,경상사고,0,0,2,0,차대차 - 기타,안전운전불이행,젖음/습기,비,단일로 - 기타,화물,남,68세,상해없음,승용,남,23세,경상
2022082900100430,2022년 8월 29일 17시,월요일,경상북도 김천시 농소면,중상사고,0,1,0,0,차대차 - 추돌,안전운전불이행,젖음/습기,비,단일로 - 기타,화물,남,59세,상해없음,화물,남,57세,중상
2022083000100025,2022년 8월 30일 02시,화요일,경기도 용인시 처인구 남사읍,중상사고,0,2,4,0,차대차 - 기타,안전운전불이행,젖음/습기,비,단일로 - 기타,화물,남,58세,중상,화물,남,59세,상해없음
2022090200100030,2022년 9월 2일 03시,금요일,충청남도 천안시 동남구 목천읍,경상사고,0,0,2,0,차대차 - 추돌,안전운전불이행,건조,맑음,단일로 - 기타,화물,남,58세,상해없음,승용,남,28세,경상
2022090400100440,2022년 9월 4일 21시,일요일,경기도 성남시 분당구 삼평동,경상사고,0,0,2,0,차대차 - 기타,안전거리미확보,젖음/습기,비,단일로 - 기타,화물,남,55세,상해없음,승용,남,31세,경상
2022090500100064,2022년 9월 5일 07시,월요일,경기도 평택시 월곡동,중상사고,0,1,2,0,차대차 - 측면충돌,안전거리미확보,젖음/습기,비,단일로 - 기타,화물,남,38세,중상,화물,남,57세,경상
2022090800100411,2022년 9월 8일 15시,목요일,서울특별시 서초구 원지동,부상신고사고,0,0,0,1,차대차 - 추돌,안전거리미확보,건조,맑음,단일로 - 기타,화물,남,30세,상해없음,승용,남,59세,부상신고
2022090900100459,2022년 9월 9일 20시,금요일,경기도 안성시 공도읍,경상사고,0,0,7,0,차대차 - 추돌,안전운전불이행,건조,맑음,단일로 - 기타,화물,남,68세,경상,승용,남,47세,경상
2022091400100162,2022년 9월 14일 10시,수요일,충청남도 천안시 동남구 목천읍,중상사고,0,1,0,0,차대사람 - 기타,안전운전불이행,건조,맑음,기타 - 기타,화물,남,40세,상해없음,보행자,남,62세,중상
2022091600100046,2022년 9월 16일 05시,금요일,충청북도 청주시 흥덕구 옥산면,경상사고,0,0,1,0,차대차 - 기타,안전운전불이행,건조,맑음,단일로 - 지하차도(도로)내,화물,남,39세,상해없음,승용,남,50세,경상
2022092300100285,2022년 9월 23일 13시,금요일,경상북도 김천시 봉산면,중상사고,0,1,1,0,차대차 - 추돌,안전운전불이행,건조,맑음,단일로 - 기타,화물,남,38세,중상,화물,남,54세,경상
2022092700100319,2022년 9월 27일 15시,화요일,경기도 평택시 진위면,중상사고,0,1,10,0,차대차 - 추돌,안전운전불이행,건조,맑음,단일로 - 기타,화물,남,68세,상해없음,화물,남,59세,중상
2022092900100504,2022년 9월 29일 18시,목요일,경상북도 경주시 내남면,중상사고,0,1,0,0,차대차 - 추돌,안전운전불이행,건조,맑음,단일로 - 기타,화물,남,62세,상해없음,승용,여,59세,중상
2022093000100307,2022년 9월 30일 14시,금요일,울산광역시 울주군 언양읍,중상사고,0,2,1,0,차대차 - 추돌,안전거리미확보,건조,맑음,단일로 - 기타,화물,남,34세,상해없음,승용,남,60세,중상
2022100100100375,2022년 10월 1일 15시,토요일,충청남도 천안시 서북구 성거읍,경상사고,0,0,2,0,차대차 - 측면충돌,안전운전불이행,건조,맑음,단일로 - 기타,화물,남,64세,상해없음,승용,남,54세,경상
2022100300100256,2022년 10월 3일 15시,월요일,경기도 성남시 분당구 분당동,경상사고,0,0,7,2,차대차 - 기타,안전운전불이행,건조,맑음,단일로 - 기타,화물,남,50세,상해없음,승용,여,35세,경상
2022100700100393,2022년 10월 7일 15시,금요일,경기도 오산시 원동,경상사고,0,0,3,0,차대차 - 기타,안전거리미확보,건조,맑음,단일로 - 기타,화물,남,65세,상해없음,승용,남,48세,경상
2022101000100214,2022년 10월 10일 14시,월요일,충청남도 천안시 동남구 구성동,경상사고,0,0,1,0,차대차 - 기타,안전운전불이행,젖음/습기,비,단일로 - 기타,화물,남,45세,상해없음,승용,남,68세,경상
2022101000100360,2022년 10월 10일 18시,월요일,대전광역시 대덕구 연축동,경상사고,0,0,2,0,차대차 - 추돌,안전운전불이행,젖음/습기,흐림,단일로 - 지하차도(도로)내,화물,남,63세,상해없음,승용,여,44세,경상
2022101100100396,2022년 10월 11일 15시,화요일,경상북도 경산시 진량읍,중상사고,0,2,0,1,차대차 - 추돌,안전운전불이행,건조,맑음,단일로 - 기타,화물,남,57세,상해없음,승용,남,31세,부상신고
2022101300100389,2022년 10월 13일 16시,목요일,경상남도 양산시 하북면,경상사고,0,0,2,0,차대차 - 추돌,안전거리미확보,건조,맑음,단일로 - 기타,화물,남,67세,상해없음,승용,여,42세,경상
2022101800100603,2022년 10월 18일 20시,화요일,부산광역시 금정구 노포동,경상사고,0,0,1,1,차대차 - 추돌,안전거리미확보,건조,맑음,단일로 - 기타,화물,남,56세,상해없음,승용,남,69세,부상신고
2022101900100008,2022년 10월 19일 00시,수요일,경상북도 김천시 삼락동,중상사고,0,1,0,0,차대차 - 추돌,안전운전불이행,건조,맑음,단일로 - 기타,화물,남,62세,상해없음,화물,남,62세,중상
2022102000100153,2022년 10월 20일 09시,목요일,경기도 성남시 분당구 삼평동,경상사고,0,0,1,1,차대차 - 기타,안전거리미확보,건조,맑음,단일로 - 기타,화물,남,58세,부상신고,승용,여,36세,경상
2022102000100467,2022년 10월 20일 17시,목요일,경기도 오산시 원동,경상사고,0,0,1,0,차대차 - 기타,안전거리미확보,건조,맑음,단일로 - 기타,화물,남,50세,상해없음,승용,여,28세,경상
2022102200100278,2022년 10월 22일 13시,토요일,경기도 성남시 분당구 판교동,경상사고,0,0,2,0,차대차 - 추돌,안전거리미확보,건조,맑음,단일로 - 기타,화물,남,51세,상해없음,승용,남,38세,경상
2022102400100113,2022년 10월 24일 08시,월요일,경기도 안성시 원곡면,경상사고,0,0,1,0,차대차 - 기타,안전거리미확보,건조,맑음,단일로 - 기타,화물,남,63세,상해없음,승용,남,24세,경상
2022102400100288,2022년 10월 24일 12시,월요일,충청북도 영동군 용산면,경상사고,0,0,1,0,차대차 - 추돌,안전운전불이행,건조,맑음,단일로 - 지하차도(도로)내,화물,남,44세,상해없음,승용,남,36세,경상
2022102600100021,2022년 10월 26일 01시,수요일,충청남도 천안시 서북구 입장면,중상사고,0,1,0,0,차대차 - 기타,안전운전불이행,건조,맑음,단일로 - 기타,화물,남,31세,상해없음,승용,남,35세,중상
2022102600100029,2022년 10월 26일 02시,수요일,대전광역시 대덕구 비래동,경상사고,0,0,1,0,차대차 - 추돌,안전운전불이행,건조,맑음,단일로 - 기타,화물,남,58세,상해없음,승용,남,54세,경상
2022102600100268,2022년 10월 26일 13시,수요일,경기도 화성시 송동,사망사고,1,0,0,0,차대차 - 추돌,안전운전불이행,건조,맑음,단일로 - 기타,화물,남,59세,상해없음,특수,남,53세,사망
2022102700100422,2022년 10월 27일 16시,목요일,경상북도 칠곡군 지천면,경상사고,0,0,2,0,차대차 - 기타,안전운전불이행,건조,맑음,기타 - 기타,화물,남,44세,상해없음,승용,남,55세,경상
2022102800100679,2022년 10월 28일 20시,금요일,경기도 용인시 처인구 양지면,경상사고,0,0,2,0,차대차 - 기타,안전거리미확보,건조,맑음,단일로 - 기타,화물,남,75세,상해없음,승용,여,29세,경상
2022102900100185,2022년 10월 29일 11시,토요일,경기도 성남시 분당구 삼평동,경상사고,0,0,2,0,차대차 - 기타,안전거리미확보,건조,맑음,단일로 - 기타,화물,남,64세,상해없음,승용,남,40세,경상
2022103100100164,2022년 10월 31일 10시,월요일,경기도 용인시 기흥구 공세동,경상사고,0,0,1,0,차대차 - 기타,안전운전불이행,건조,맑음,단일로 - 기타,화물,남,61세,상해없음,승용,남,42세,상해없음
2022110400100400,2022년 11월 4일 15시,금요일,충청북도 청주시 서원구 남이면,경상사고,0,0,5,0,차대차 - 측면충돌,신호위반,건조,맑음,단일로 - 기타,화물,남,57세,상해없음,승용,여,28세,경상
2022110400100677,2022년 11월 4일 20시,금요일,경기도 안성시 원곡면,경상사고,0,0,2,0,차대차 - 기타,차로위반,건조,맑음,기타 - 기타,화물,남,45세,기타불명,승합,남,40세,경상
2022110500100546,2022년 11월 5일 19시,토요일,울산광역시 울주군 두서면,경상사고,0,0,2,0,차대차 - 기타,안전거리미확보,건조,맑음,단일로 - 기타,화물,남,39세,상해없음,승용,남,70세,경상
2022111000100203,2022년 11월 10일 11시,목요일,울산광역시 울주군 언양읍,경상사고,0,0,3,0,차대차 - 기타,안전거리미확보,건조,맑음,단일로 - 기타,화물,남,61세,상해없음,승용,남,68세,경상
2022111000100230,2022년 11월 10일 12시,목요일,경상남도 양산시 상북면,중상사고,0,1,1,0,차대차 - 추돌,안전운전불이행,건조,맑음,단일로 - 기타,화물,남,67세,상해없음,화물,남,53세,경상
2022111000100535,2022년 11월 10일 19시,목요일,경기도 용인시 기흥구 신갈동,경상사고,0,0,1,0,차대차 - 측면충돌,안전거리미확보,건조,맑음,단일로 - 기타,화물,남,56세,상해없음,승용,남,52세,경상
2022111200100177,2022년 11월 12일 11시,토요일,충청남도 천안시 동남구 안서동,경상사고,0,0,3,0,차대차 - 추돌,안전운전불이행,건조,맑음,단일로 - 기타,화물,남,63세,상해없음,승용,남,31세,경상
2022111300100269,2022년 11월 13일 16시,일요일,경기도 이천시 마장면,중상사고,0,1,2,2,차대차 - 추돌,안전운전불이행,건조,맑음,단일로 - 기타,화물,남,55세,상해없음,승용,남,22세,중상
2022111600100568,2022년 11월 16일 18시,수요일,경상북도 경주시 율동,중상사고,0,1,0,0,차대차 - 기타,안전운전불이행,건조,맑음,기타 - 기타,화물,남,58세,상해없음,승용,남,50세,중상
2022111600100656,2022년 11월 16일 21시,수요일,경기도 평택시 월곡동,경상사고,0,0,1,0,차대차 - 측면충돌,안전거리미확보,건조,맑음,단일로 - 기타,화물,남,46세,상해없음,승용,남,28세,경상
2022111700100459,2022년 11월 17일 18시,목요일,충청북도 청주시 흥덕구 옥산면,경상사고,0,0,1,0,차대차 - 측면충돌,안전거리미확보,건조,맑음,단일로 - 기타,화물,남,54세,상해없음,승용,여,50세,경상
2022111900100044,2022년 11월 19일 03시,토요일,경상북도 영천시 북안면,경상사고,0,0,2,0,차대차 - 추돌,안전운전불이행,건조,맑음,단일로 - 기타,화물,남,53세,상해없음,승용,여,49세,경상
2022111900100312,2022년 11월 19일 15시,토요일,경기도 성남시 분당구 궁내동,중상사고,0,1,0,0,차대차 - 측면충돌,안전거리미확보,건조,맑음,단일로 - 기타,화물,남,75세,상해없음,승용,여,27세,중상
2022112200100059,2022년 11월 22일 07시,화요일,경기도 평택시 월곡동,중상사고,0,1,1,0,차대차 - 기타,안전거리미확보,건조,맑음,단일로 - 기타,화물,남,48세,상해없음,승용,남,54세,중상
2022112400100225,2022년 11월 24일 12시,목요일,경기도 용인시 수지구 풍덕천동,경상사고,0,0,1,0,차대차 - 측면충돌,안전거리미확보,건조,맑음,단일로 - 기타,화물,남,66세,상해없음,화물,남,32세,경상
2022112600100479,2022년 11월 26일 20시,토요일,경기도 용인시 기흥구 신갈동,경상사고,0,0,3,0,차대차 - 기타,안전거리미확보,건조,맑음,단일로 - 기타,화물,남,44세,상해없음,승용,남,74세,경상
2022112700100360,2022년 11월 27일 19시,일요일,경기도 용인시 처인구 남사읍,경상사고,0,0,1,0,차대차 - 기타,안전거리미확보,건조,맑음,단일로 - 기타,화물,남,58세,상해없음,승용,남,47세,경상
2022112800100089,2022년 11월 28일 08시,월요일,경기도 용인시 기흥구 보라동,경상사고,0,0,1,0,차대차 - 측면충돌,안전거리미확보,건조,맑음,단일로 - 기타,화물,남,61세,상해없음,승용,남,38세,경상
2022112800100592,2022년 11월 28일 20시,월요일,경상북도 영천시 금호읍,경상사고,0,0,2,0,차대차 - 기타,기타,젖음/습기,비,단일로 - 기타,화물,남,65세,상해없음,승용,남,39세,상해없음
2022113000100198,2022년 11월 30일 12시,수요일,경기도 평택시 진위면,사망사고,1,0,2,0,차대차 - 추돌,안전운전불이행,건조,맑음,단일로 - 기타,화물,남,74세,사망,승용,남,59세,경상
2022113000100223,2022년 11월 30일 13시,수요일,경기도 용인시 기흥구 신갈동,중상사고,0,1,0,0,차대차 - 측면충돌,안전운전불이행,건조,맑음,단일로 - 기타,화물,남,53세,상해없음,화물,남,56세,중상
2022120800100164,2022년 12월 8일 09시,목요일,경기도 오산시 원동,경상사고,0,0,1,0,차대차 - 측면충돌,안전거리미확보,건조,맑음,단일로 - 기타,화물,남,56세,상해없음,승용,여,54세,경상
2022120900100360,2022년 12월 9일 17시,금요일,경기도 성남시 분당구 삼평동,경상사고,0,0,1,0,차대차 - 기타,안전운전불이행,건조,맑음,기타 - 기타,화물,남,54세,상해없음,승용,남,30세,경상
2022121200100403,2022년 12월 12일 18시,월요일,울산광역시 울주군 삼남읍,중상사고,0,4,0,0,차대차 - 추돌,안전운전불이행,건조,맑음,단일로 - 기타,화물,남,55세,중상,승용,남,43세,중상
2022121500100510,2022년 12월 15일 20시,목요일,대구광역시 북구 동변동,중상사고,0,1,0,0,차대차 - 추돌,안전운전불이행,건조,맑음,단일로 - 기타,화물,남,47세,상해없음,화물,남,51세,중상
2022121700100068,2022년 12월 17일 06시,토요일,충청남도 천안시 서북구 입장면,중상사고,0,1,1,0,차대차 - 추돌,안전운전불이행,건조,맑음,단일로 - 기타,화물,남,71세,상해없음,승용,남,33세,경상
2022122100100127,2022년 12월 21일 08시,수요일,충청북도 옥천군 군북면,중상사고,0,1,0,0,차대차 - 추돌,안전운전불이행,건조,맑음,단일로 - 기타,화물,남,31세,상해없음,승용,남,54세,중상
2022122100100142,2022년 12월 21일 08시,수요일,경상북도 구미시 원평동,중상사고,0,2,0,0,차대차 - 측면충돌,안전운전불이행,적설,눈,단일로 - 기타,화물,남,23세,중상,승용,여,40세,상해없음
2022122400100184,2022년 12월 24일 12시,토요일,대구광역시 북구 검단동,경상사고,0,0,4,0,차대차 - 기타,기타,건조,맑음,단일로 - 기타,화물,남,65세,상해없음,승용,남,33세,경상
2022122700100205,2022년 12월 27일 11시,화요일,울산광역시 울주군 언양읍,중상사고,0,1,0,0,차대차 - 추돌,안전거리미확보,건조,맑음,단일로 - 기타,화물,남,52세,상해없음,특수,남,32세,중상
2022122800100213,2022년 12월 28일 12시,수요일,경상북도 김천시 모암동,중상사고,0,1,0,0,차대차 - 기타,기타,건조,맑음,단일로 - 기타,화물,남,63세,상해없음,승용,남,28세,중상
2022122800100497,2022년 12월 28일 19시,수요일,경기도 용인시 기흥구 신갈동,경상사고,0,0,3,0,차대차 - 기타,안전거리미확보,건조,맑음,단일로 - 기타,화물,남,65세,상해없음,승용,남,42세,경상
2022122900100350,2022년 12월 29일 16시,목요일,충청남도 천안시 서북구 입장면,경상사고,0,0,1,0,차대차 - 기타,안전운전불이행,건조,맑음,단일로 - 기타,화물,남,68세,상해없음,승용,여,44세,경상